{"cameraMode":{"drawMode":0,"name":"Shaded","section":"Shading Mode"},"sceneLighting":true,"audioPlay":false,"sceneViewState":{"m_AlwaysRefresh":false,"showFog":true,"showSkybox":true,"showFlares":true,"showImageEffects":true,"showParticleSystems":true,"showVisualEffectGraphs":true,"m_FxEnabled":true},"in2DMode":false,"pivot":{"x":11.76787281036377,"y":-3.5025436878204347,"z":28.087129592895509},"rotation":{"x":0.12883004546165467,"y":-0.04281453415751457,"z":0.0055674114264547829,"w":0.990728497505188},"size":3.094221591949463,"orthographic":false}